{"jump": {"I_JUMP": 100.0, "I_TURN_RIGHT": 1.09793545782777e-09, "I_LOOK": 1.6826479445897213e-09, "I_TURN_LEFT": 1.09793545782777e-09, "I_WALK": 1.6826479445897213e-09, "I_RUN": 1.6826479445897213e-09}, "walk": {"I_JUMP": 2.743167498708843e-09, "I_TURN_RIGHT": 17.93408840894699, "I_LOOK": 11.944729834794998, "I_TURN_LEFT": 17.93408840894699, "I_WALK": 40.24236500263214, "I_RUN": 11.944729834794998}, "thrice": {"I_JUMP": 2.4576245552521137e-09, "I_TURN_RIGHT": 19.997985661029816, "I_LOOK": 20.00134289264679, "I_TURN_LEFT": 19.997985661029816, "I_WALK": 20.00134289264679, "I_RUN": 20.00134289264679}, "left": {"I_JUMP": 1.884021584575013e-09, "I_TURN_RIGHT": 15.731029212474823, "I_LOOK": 18.876804411411285, "I_TURN_LEFT": 27.63856053352356, "I_WALK": 18.876804411411285, "I_RUN": 18.876804411411285}, "and": {"I_JUMP": 2.7367830224278578e-09, "I_TURN_RIGHT": 19.994953274726868, "I_LOOK": 20.003364980220795, "I_TURN_LEFT": 19.994953274726868, "I_WALK": 20.003364980220795, "I_RUN": 20.003364980220795}, "right": {"I_JUMP": 1.884021584575013e-09, "I_TURN_RIGHT": 27.63856053352356, "I_LOOK": 18.876804411411285, "I_TURN_LEFT": 15.731029212474823, "I_WALK": 18.876804411411285, "I_RUN": 18.876804411411285}, "opposite": {"I_JUMP": 2.684453180579194e-09, "I_TURN_RIGHT": 20.59846669435501, "I_LOOK": 19.601021707057953, "I_TURN_LEFT": 20.59846669435501, "I_WALK": 19.601021707057953, "I_RUN": 19.601021707057953}, "look": {"I_JUMP": 2.743167498708843e-09, "I_TURN_RIGHT": 17.93408840894699, "I_LOOK": 40.24236500263214, "I_TURN_LEFT": 17.93408840894699, "I_WALK": 11.944729834794998, "I_RUN": 11.944729834794998}, "after": {"I_JUMP": 2.7367830224278578e-09, "I_TURN_RIGHT": 19.994953274726868, "I_LOOK": 20.003364980220795, "I_TURN_LEFT": 19.994953274726868, "I_WALK": 20.003364980220795, "I_RUN": 20.003364980220795}, "run": {"I_JUMP": 2.743167498708843e-09, "I_TURN_RIGHT": 17.93408840894699, "I_LOOK": 11.944729834794998, "I_TURN_LEFT": 17.93408840894699, "I_WALK": 11.944729834794998, "I_RUN": 40.24236500263214}, "twice": {"I_JUMP": 2.4576245552521137e-09, "I_TURN_RIGHT": 19.997985661029816, "I_LOOK": 20.00134289264679, "I_TURN_LEFT": 19.997985661029816, "I_WALK": 20.00134289264679, "I_RUN": 20.00134289264679}, "turn": {"I_JUMP": 4.305039658092369e-09, "I_TURN_RIGHT": 25.898483395576477, "I_LOOK": 16.06767475605011, "I_TURN_LEFT": 25.898483395576477, "I_WALK": 16.06767475605011, "I_RUN": 16.06767475605011}, "around": {"I_JUMP": 2.684453180579194e-09, "I_TURN_RIGHT": 20.59846669435501, "I_LOOK": 19.601021707057953, "I_TURN_LEFT": 20.59846669435501, "I_WALK": 19.601021707057953, "I_RUN": 19.601021707057953}}