{"walk": {"I_TURN_RIGHT": 15.109075605869293, "I_WALK": 41.27148389816284, "I_RUN": 9.49375331401825, "I_TURN_LEFT": 15.138182044029236, "I_LOOK": 9.49375331401825, "I_JUMP": 9.49375331401825}, "right": {"I_TURN_RIGHT": 26.904994249343872, "I_WALK": 15.157344937324524, "I_RUN": 15.157344937324524, "I_TURN_LEFT": 12.46562972664833, "I_LOOK": 15.157344937324524, "I_JUMP": 15.157344937324524}, "opposite": {"I_TURN_RIGHT": 18.87386441230774, "I_WALK": 16.21585339307785, "I_RUN": 16.21585339307785, "I_TURN_LEFT": 16.2627175450325, "I_LOOK": 16.21585339307785, "I_JUMP": 16.21585339307785}, "after": {"I_TURN_RIGHT": 16.66482836008072, "I_WALK": 16.669262945652008, "I_RUN": 16.669262945652008, "I_TURN_LEFT": 16.658122837543488, "I_LOOK": 16.669262945652008, "I_JUMP": 16.669262945652008}, "run": {"I_TURN_RIGHT": 15.109075605869293, "I_WALK": 9.49375331401825, "I_RUN": 41.27148389816284, "I_TURN_LEFT": 15.138182044029236, "I_LOOK": 9.49375331401825, "I_JUMP": 9.49375331401825}, "thrice": {"I_TURN_RIGHT": 16.665925085544586, "I_WALK": 16.66770577430725, "I_RUN": 16.66770577430725, "I_TURN_LEFT": 16.663256287574768, "I_LOOK": 16.66770577430725, "I_JUMP": 16.66770577430725}, "twice": {"I_TURN_RIGHT": 16.665925085544586, "I_WALK": 16.66770577430725, "I_RUN": 16.66770577430725, "I_TURN_LEFT": 16.663256287574768, "I_LOOK": 16.66770577430725, "I_JUMP": 16.66770577430725}, "left": {"I_TURN_RIGHT": 13.37139755487442, "I_WALK": 16.29001647233963, "I_RUN": 16.29001647233963, "I_TURN_LEFT": 21.468541026115417, "I_LOOK": 16.29001647233963, "I_JUMP": 16.29001647233963}, "and": {"I_TURN_RIGHT": 16.66482836008072, "I_WALK": 16.669262945652008, "I_RUN": 16.669262945652008, "I_TURN_LEFT": 16.658122837543488, "I_LOOK": 16.669262945652008, "I_JUMP": 16.669262945652008}, "around": {"I_TURN_RIGHT": 11.162485182285309, "I_WALK": 16.690926253795624, "I_RUN": 16.690926253795624, "I_TURN_LEFT": 22.073811292648315, "I_LOOK": 16.690926253795624, "I_JUMP": 16.690926253795624}, "look": {"I_TURN_RIGHT": 15.109075605869293, "I_WALK": 9.49375331401825, "I_RUN": 9.49375331401825, "I_TURN_LEFT": 15.138182044029236, "I_LOOK": 41.27148389816284, "I_JUMP": 9.49375331401825}, "jump": {"I_TURN_RIGHT": 15.109075605869293, "I_WALK": 9.49375331401825, "I_RUN": 9.49375331401825, "I_TURN_LEFT": 15.138182044029236, "I_LOOK": 9.49375331401825, "I_JUMP": 41.27148389816284}, "turn": {"I_TURN_RIGHT": 23.287948966026306, "I_WALK": 13.410985469818115, "I_RUN": 13.410985469818115, "I_TURN_LEFT": 23.068100214004517, "I_LOOK": 13.410985469818115, "I_JUMP": 13.410985469818115}}